Address,Count
0x01462a60252c96b6d520cc810c28c64a38f257b8,1
0x01c12063b7b5b783a989a60af9f9f06534307a2d,1
0x01ef7a86a670b70e2c5a490360fcff045045961f,1
0x0209f6c65a063020ca083e6cd3fdbd3d1dcf0473,1
0x02773a088a7b400843f4c0e3e3babf1dcbd522a0,1
0x02f73b8e29dd6ec38bc5d8b3826051dc562c3060,1
0x03068eb4286521b79e346a3fd4ecb9c12cc95bfb,2
0x0322f8041fa4d4782e6d5e00f6bf5ad15fc061f4,1
0x0323278030573a947ed17a2acc71fc9ed7aeaacf,1
0x035c80edc994cb0dcf1df0075c86e9de3bd19e9b,1
0x036575e77f519359dcd185c643786296f4007a6f,2
0x0403386035be05bdecee227f2e8a6c097dee93d7,1
0x0422f4c6e57edeb7ff78e9fe99f7199bf383ad27,1
0x045d21471bca36fbb89a70ab8a2b7bf94fbc735b,2
0x058ad617793d25d44fb48a1968c36b3c44c15020,1
0x059057b19ab9228259d9d6c9c071dae7c050c8dc,1
0x0613438750086c8c15dc841f570f002045690f55,1
0x0626fc3ee9c8e5174611cb7790db6d2219ab1220,1
0x0684cc759c48ad01509baceb1645bfcda0fdcee4,1
0x074aa71cf9fb25914fd1b8e592229238b9455965,1
0x0773dfd38c53f88f47f9c55c2cb6845da7119387,1
0x07b7cf74aa136c19f5ff0ed6210d43452c33b030,1
0x07ca5385410e09623042b415366af9755b177f0d,1
0x07fe46687859717475c521996468645b48e32e06,1
0x09867f82e0e4fd8793c34a0db06687fdf2f6720d,1
0x09af217bc1388dddd177ad60134f7503c431b0f5,1
0x0a2d94a6031264d99ac9249efa25ea47fbf62879,1
0x0a34c284c410ed579e23070512541a97e3491d73,1
0x0a4376b789fe2cb63d0ff16d6d0d75388528c491,1
0x0a55a7a430bbcf2f00d3f5459a1a949bdc8a2208,1
0x0a8285a429eb8a6b8550d2c71092e8f1ad7b8c08,1
0x0ad320a7f76ac6f634fb0666835ddc1a3b098ab9,1
0x0b0c8db35c1262526eb48b6ea6a4d1932f0c4256,2
0x0b7fdc11472a675de72805d516e73c1eb2a6ac9b,1
0x0b829b26cd12256847ddcfa470ce5fe57ceec954,1
0x0bc00eaf422abcc50d0db54361da10de51bc8be2,1
0x0bd984370cac0e58583bd925b9a297bf44364c2d,1
0x0c411ccea05128bd0cf26de4f2f41d29ca37bb14,1
0x0d4e809b942dad7a504a30fca78e3c1839ddb2a0,1
0x0deb845de6dd1399cd704ac10e07e8baa8b80472,1
0x0e3b5f016adfed243d066d0a5bd83ff639d0947f,1
0x0e9beee0eebd1e1b1e49e2d6011cfd0b59bb79c3,1
0x0ebdaf1fc3c383214825adbca7c06eb60a504a82,1
0x0ec93bc50102e622ce4a2846dc53164816da1c92,1
0x0edfa3fbe365cbf269ddc4b286ebd4797c78b21a,2
0x0f31efd1d5006920f8ae1f9b789b245643ff478c,2
0x0f7a1e945b12867e17cfc077649e584de032e1d1,1
0x1014a66402ff5b51d86a527da1dbe96343bd9d95,1
0x103309d18a0c99f5313e482039ef86b6704c7202,1
0x1080ef7511860d4e3a8914a7ea4c4323352f5fa3,1
0x108114bf1c679b0a6fe555e0e7f82e04f0d7f04f,1
0x10a8190ae5de924db4a0ab7977375430fe545f98,1
0x10ae96407493c627220e3a2419988981378d4c9b,1
0x10b93661facf4aa7a292562de50418944eac8005,2
0x10e05ac3f0cdfc9667c3a6b71e9f3e4769b31a19,1
0x10f4bef7757e156df30ee62e34dae60843dbccf0,2
0x110afa7d3c4e896aa1c250cd027987b665ed1a03,1
0x11258e7f21d87342c685109ae657451e123cdbac,1
0x11797454935e7ec0c2b581e58eb4a3958a7066f3,1
0x119418f17b705c00003f66f9c65aab319e84590a,1
0x11a0550e9786f2d5f2e374eb18a72cecd12e69f9,1
0x12468bf48313801f1e19962d23d27831986fa746,1
0x126eefa566abf5ac3efdaef52d79e962cffdb448,1
0x128d04d1edb071bec0adc101d7c81a68a8d898ee,1
0x12e1aca5e33651c67cefdad1bce06f577cf31a14,1
0x12e1b06f42dd7e82fe841637c44fa690493cf4ce,2
0x131e93466c5052ae1a146ff09993363510e2b3ce,1
0x134f240827dd4b047942589998a163a2a1002f1a,2
0x135d1e97cee2e83f350b73b40f3576419fc8c741,1
0x1362cee4ecff5bc89f53ed4e7542644bf64b4b07,1
0x13c7e048dde1742f5e103462cec00b25688ecd13,1
0x140e99aeeba295c57025e876f1ad99ceb5f4f9fa,1
0x144733acbdc5f5a3444bab20f50f4374c4b6afd5,1
0x149fec9c58d63e4e6b745b8b5ef509f629f298bd,1
0x14a888bb439564227ee42674a809c479b04c6ef4,1
0x14cad69ec114cb45a00ec4a78b63214ab1808365,1
0x15292369fe7ecd2a738973ac833d058f0fa42666,1
0x1546863b35bcadb443dcdac6ff8a210ee02bbde2,1
0x158ce4eb98b959a4d36f73a6fba7cfd8e10420c0,2
0x15e1c126cb8dec483645b392ca091185003bcff3,1
0x16211b1c702a025b43db9d804bea9d5e06cc1696,1
0x1710d882b272399b33e89d8f56dd277164ef7126,1
0x17779bbe0a7a251f17a1f39d2bfe8ae36d330321,1
0x180d31f593f01e618d873c2d21a58708ea6fcb22,1
0x186821de1f22d9c57c1a9613ad824ef089df33cf,1
0x186c39eb8a1392925c571d805d6ed47a1e328782,1
0x187d1980fd99caf507d3e94b86f8a5aa781ef6a6,1
0x1885d61cddbc560f3f851ebd9ac8f73931b2f57f,1
0x18ca14cdfa4bf887eeb2dd5fc98a947ea43b8d29,2
0x18df042849e5c3dbb21c61e62895b9c200c4d3be,1
0x1953dce49faebbc61ef8cf88f5cb825f5c8ee877,1
0x196fd9ee9385528f7b70385ff0f98b626830908d,1
0x19749f03816d7955076df5a1acc8ff28f4ba5c88,1
0x19f8a98c3512cf16731de58f83318ec553314f46,1
0x1a3abf0ee4cce3e5a9a69fbbdcd9744fa24810b8,1
0x1a4fcf33fc1b624252a95815c2f1a4fb9e8ebf9e,1
0x1b1e924a0a9c86a9023be9791bb81ecfb8cc4011,1
0x1b4278e27339b550cd5e95d6f900a475b612084a,1
0x1ba7fb25fb2dc8a7929273dff0548985e6df4574,2
0x1bb0d0532576f48270faea4f7ea94b676e589ae2,1
0x1c513deedc2d0371dd0ed83cc31cd070dcd6ef2e,1
0x1c54f8536006babe876bb7bc4ba7903b46b8c5e4,1
0x1e1a2757daaed67926774e2b982f7242b93c8429,1
0x1e2dd174b1d10384699ef769b1ff66791f38b94e,1
0x1ed8554893765242f1f36a7756e65d7c2c9ad47d,1
0x1f5a68f74059058c2f8e6b974930c2baed884abe,1
0x1f760c5f7ff7d25f21ffbe3f1446e6812e74dd85,1
0x1f95270fe30aff1cc292494907f9cbe1a1b54396,1
0x201810bdbe6bb5d2fd49f74e2a6772a11fd81709,1
0x20195029cbfe927744298aee40486abc530778ca,1
0x201b95390aea1174be40d323c1704038198b95fe,2
0x20276ed422061ee7989b144efdad4b527c236eb0,1
0x20d7e90c9a8e90dfe43c925159250419d5a744f6,1
0x210fc2c5502abc6441fe94cd8357bd847b828abf,2
0x215558c09d28f58ebba5216749d0896c817098f8,1
0x21b5a42be6c45f6944fd38564440da1bcae7a00f,1
0x21e9ab99d8ac09dfde2b08aa7596e0180de5b044,2
0x223f57f9c67f7ce52576ca45273104392a90d184,1
0x227fa35d0aaa10227d38ae435703435f4d68753f,1
0x22a001eb8434dfe92c22af924a9a0a6dda82b5e8,2
0x22a4c3368d1545b7801915f3de88f62643b26c45,1
0x22b679f02adbdb2f20b05005d5b83b5139aeab7e,1
0x22fde446aab5378b2b024fffcad68b362c740279,1
0x2377aaed9b41f1365160e38a3cb827078d6c00f8,1
0x23c6bd353d1c8a1d195424a5b98743ff5259569e,1
0x240a385d7cecd4a52c475529912213a3ff855ce2,1
0x242c7296bab24aff8df5925153c6ad25daeb9279,1
0x24388752033d90bb6762f21ad406df0278f569c1,1
0x243df019fdfbbc7289ab25d7981e5e0c7084a4c3,1
0x24a165b5eecf86afa9ec1ab8ee5d29a5ad4fab27,1
0x24f9025e5667b6fdc78ced5c909be54f249c8dc6,1
0x24fe256ef7ce3ccbd4c391bb19ad9ac251f74e5e,1
0x2529d506c4d2a82b5177740e44200ca9998d4bc3,1
0x254533cd17e49f70fb6b04786b04a1916ebe1f4d,2
0x25c0b7306a96e936aabc09c880f354199e6863e1,1
0x25cb39fe92099e6ea4a535401b75683ab3363cf8,1
0x261e5040cbfd92926631b45abc4d4c8fe8b958b2,1
0x2666d5ebd8fc689f0007f4a2a78172fa1f42dafd,1
0x268abbd3ac8454a019e56d67c6033bc35603d940,1
0x26a25fafad635529e2be587c2af6791ba57f1c57,1
0x26ac2a33296df8a7252d1136647de4571a6aa645,1
0x26d4793a24edeba373505721e507aff2f5c7b58f,1
0x2715d17e27ba31c3546024163ff0e424886de9cf,1
0x272da73ffed094b8b00c0da8ca163959c2a6d106,1
0x275b38c0ed84f5f902a5303b519d098f5e5f57c2,1
0x278bb728849604648167d85127c22a478e530933,1
0x28280f09d541ad0badbde815d51e3c03d15b3d96,1
0x287bdf8c332d44bb015f8b4deb6513010c951f39,1
0x288d0a09f7cd59ee93eb4a540d30fd91c179ec73,1
0x28a11b00e409eef13dd6596bca34c9781546e4ab,2
0x28f8612bfb7daef4c865cf4b604be43bcdd5654e,1
0x292548628599412383ca88ceb98a7e5104812b67,1
0x294130c0e6fbe2d099e1a9707a76ad3604e8a034,2
0x29a90663d03c030e3d9d48251e45e08ea60231db,1
0x2a58069dbd4fbfd80e6c15edff40fb24be38455d,1
0x2abfb1c41f02d4d49ee35b0a70a27efafc45b6ec,2
0x2add42dfa177377c309ab0a0882b26df38f0d0cc,1
0x2b24eec22866a0863067356b8ad6de9158b57e10,1
0x2b32c389d0497ab1e058634a0c5a3df81df66dea,1
0x2b743b1b4915e73d19611cd9de7ca8e475a70bc1,1
0x2be331e3923b998a7500a9345ffee3eee15af082,1
0x2be618c6b4958ef9a9a795784aae811381a548fa,2
0x2cafe30d11eeb40aa91b83f088a07dcd9938b0a8,1
0x2cd517a7348497d717cd40558dd9421d0b3dfa9c,1
0x2cd9797d8a3cadc09cd619fae46342c85601f8c1,1
0x2ce7a594e0c884f9326952bdb21a4d696763f646,1
0x2cf474ff71d75d21b6b2ced2b45d2b90138d5120,1
0x2d116a96b457fd71407a193c41052a01123ccfd3,1
0x2d510b46b3c41ab0f6ba9803069600296218b383,1
0x2dc270597123b3fca3161ea680844c133fb7fe95,1
0x2df341a4cbe4bf6bdc2e7cb657f1b0ba34fcfa3c,1
0x2e0efbb43dc126858b9a087bda4a681303674a1a,1
0x2e1837e4dce52195005eecc0dbf0741ff66b108a,2
0x2e1d6dd85a1595d1a7c57de4669e158b152a51ae,2
0x2e39be85c88b75df6416e28670ac71b6cb0d9cfa,1
0x2ed4bdd3b88d36eb5ec93899fa83ab5d5cd31fbc,1
0x2edfd3e3000d5bbca39f6e67afad00c0acdf1385,1
0x2efc2c833c7b94ec60c58bc6c22b1218191c3cbc,2
0x30aecfa5aabe187e991a8c59aca808f6a3a9e30c,1
0x30d959f29fa5495e933bf673459732f7f00f34cd,1
0x3100bcb013490faf41f468062eda05907009906f,1
0x3149d48d5093a310573e7d2c38925afaa5a85c14,1
0x318b5e2b847ab6a7f72e8b6483e9a38e38820e57,1
0x31f323af5fb34356e55d8c504d74b2d1075a3341,1
0x3327cc74f614f60f63b3d163f693a4a80d353352,1
0x332c12b76b1aea8f775a893b51dfaad9d3fe3b12,1
0x33b3d27254854c4fcdf2a3c7b0715b006db5079b,1
0x33e08940c5ef59b8810b3691e1e5a59ad2a0cf33,1
0x33f10006a9d57bafea87bc47c7a931703416baa6,1
0x3472cc1c306f4d703fe53df8a030791301751306,1
0x34bb8ef46d6bc5088cc567c2bf2f536baa63c082,2
0x34f2cff38edbf0aa5be5967a231622a4a0a6be32,1
0x35001a8bdb3a224d05f086094c12fd4c9009986d,2
0x351716790429bb55a3fad0a847e724f48ebdf12e,1
0x351b0cb5220e7854569209b05d3a820988201aa2,1
0x35735d69a7f0ce775dcdebd387f78641c8463b25,2
0x35d16ca39595b6b76481ccb1225045bdb6d4b32a,1
0x3693af83cbfd02bb81c68b875b53b3a39b936c4e,1
0x36b1adffc6acdce97323447ff7db0ed043b4ba20,1
0x37810c44ab91ff79d86a2eb252533e2ba09a25fa,1
0x3792927fbea45d641eacce8c000bdd9c5d1ac43a,1
0x3873fd8acf9399404ce7e475800c29595730b38d,1
0x3882efa846e92f0d7e6ac4ad081021f6560d1b9e,1
0x38af12847ae2d89755d08c2dbf8590e6fec7e5c9,1
0x38c856e4e22f9995adaa193e120b134151ca3b5c,2
0x391a4b9ff708fe200ead0d6d295243fdb3dbf2b7,1
0x393c6697508ed09817c7415182b8280092be680b,1
0x393fe1f5750abc658723e0bef31475263a1c0d84,1
0x39663526875368b32f708bc87ea7ea934032dbec,2
0x3a00161d2f8ba26c9fd5c8f836b7788cf37c15cd,1
0x3a3ead57ffc6d6576f2145fb2547f7cc2fe85b39,1
0x3a86dfdb94a16aac344139c725c3076a822521f5,1
0x3a9877f4208ed157c65b975cf136a00260dea63f,1
0x3ab7d3ab48efbde1b8b33d1ae1a6726c1edcc682,1
0x3aca4524c30cfb63d3595dc8061381e63436db92,1
0x3ad4a8782fb4b1648bc26283ea9c468e0b04754f,1
0x3aee4143279c1819b810184214fdca4b3ed20397,1
0x3b312a1496322f0c3633241d85a59ae0889b8150,2
0x3b8591087845181e9bfe8b696e7d3f84820cbd96,1
0x3bb8d70932685e75fb11c166b2c30f5b0a0c959e,1
0x3bc72e0395ce02d5980832a527fc55b7f2215477,1
0x3c1b33fcd0927c0e45e8a1f7349a6746583133e4,1
0x3c6b4e55ae119ee7cdd62d6684c83a5b336eda6b,1
0x3ceb363a04686244d266ad533b628125d999455d,1
0x3cfc43978609e8cc7388362628b39186ec42c5c8,2
0x3d5860e92964c01e3611df3a2b6a9578e29be001,1
0x3d909b6cb958a32f1a6e0d016c387a3a2c8decd1,1
0x3dbc9622b73dedf6c4849d6d4eec1901ab0032ec,1
0x3dc26b2faeb5f237475b98944668b7bb2f16e61c,1
0x3de6a71efd638c95d3d6717616b4c14447b8f269,1
0x3df5d3a9bf04250a7b80bbe608340d4e8666500e,1
0x3f1ce72508a5b4ac1acfad6148e92d37db16a724,1
0x3f3f896b00a93cd1cc225bbea3f58401b70b0228,1
0x3f8e9a201f12ebd49b712ad34528480792fb998b,2
0x405623e7c4ee0691130964ada8dc19c96ffcdcbd,1
0x4058ea8f248fcf30260f1a7cc2fbb14f5c4ab391,1
0x40c1d7ba1719bf39cd27b6bc9fa73e2bf9372ce0,1
0x40e9458ca61e4e05e641fc3aaa40841c4c4597a0,1
0x417f1f79a9694370aef4060e71dadb0d8b8a96c3,1
0x433957e29f5b3a7aa39fdf0e7e164515ff2f01d3,1
0x447a9f28b198b918122bdaf0f50e6c25a7ef9166,1
0x44faa66268a6a1f084f9c32c38d91f5027aa4dc2,1
0x45148ed270dbdcfbe3c1420fed9119d681e0be40,1
0x4553b58d1b048e833fd8ae1f3f17ab3c1e6652ee,2
0x455724c1ddd2ec08589f39874bbb610f9a834782,1
0x45d47d20a072af94ca96bbf38455cf33350170b4,2
0x45d8c0a9238ec3a4358b52560ff909a095334257,1
0x46486b443bf8260290ba556acafc067b3b47e78c,1
0x46c6a9d175db351474a3b01bcc8f5f2fa3cfc69d,1
0x471917de50db0f028c96c268759d1232fb4746fe,1
0x478fd2953f0497c922b02a6d93fc26dbc7eaddc5,1
0x47a77306c041f858c014e7ceae8faea5145ffae9,1
0x47beb1050e83925891779b19752ee6e57ac25f1b,1
0x48ad7aee33e77b33d12bc322647da83c849754eb,1
0x48f1dd53fd5ea67b572dee52d6e256a3a425359b,1
0x4910d4144ae1cae449b6a077125c849f716c2d32,1
0x497f5dd28e7b668e985c37368605051fba06dfc5,1
0x49a023fa8564ddc38cc4ae7bcc78a464286aee64,1
0x49dba613a6b18c2d05b2e4193c7834a6378a4726,1
0x4b5a78d8377fe25ea52b8c0a1d10ed16224a774b,1
0x4bab7dce73bc22880e5245cb8a3e193b5791a5fa,1
0x4c403f678e240a9a17d8b88e3f428517d930c0b9,1
0x4c7596e22b0db9d90ac5a595f146948c95c31cef,1
0x4c9f35943472daaa4ef48fa3dccd9794afdc8c26,1
0x4cc31b09007e1748b3d69bf0dfaea8ba26ef4a7c,1
0x4cc4f00916d9820c360cebdcabe022bbb00923e3,1
0x4d53a006e70e00d4674acac61dbf22c00849eee7,1
0x4d6c261d83a63d9038f54d54d2a1e9759d5be56e,1
0x4e21658e6b670f2a37f2a88408c477eeb8b85fbc,1
0x4e41898b14ad8c610b19cb64b1bf7f601e4f0c99,1
0x4f1cc8ec7d48e1cfb09c9c87caef731991deecbd,1
0x4f29818ee27aac9fd57efa3d25f06dfac15fb448,2
0x4f3664a071be2a773d4b4d49ba9449af376678c5,1
0x503d66ea74445af5e9ada4005f3826591f10b98e,1
0x50658c4d03fd874fa2562db51a8f3a0200692f0a,1
0x506948af56fb36d99546ce9ace04f7dc5e7b3866,1
0x507563533d669aa5f224ea376abbb86d176f8ebb,1
0x50cdae12d92b0d1deae0ea4c896c839a4e50e1df,1
0x50dfe463b370623d61832892006e3fa779dbd51c,1
0x5134c2d3b8dc0385304e3274f63ddb81e069acb3,1
0x518c3c6e686fc7471108514acb34a5ffa082b8b8,1
0x52c8882da800c3c896cb7cbd1f884c036c193b87,1
0x52ecab7d0a804b4291f68ad35192cbb929c08f3c,1
0x5338b94be2d06e00f248387e6813f7afbee098a8,2
0x537cc0b06e459086d8ec7c6474ae7043584e4e94,1
0x53966ecead990aaf7706a404613f29611e407670,1
0x53cf6198b88c405870d88d75968b34ce53a6c968,1
0x54372fd91473e0f6f8507a955cd45de9b9d740d5,1
0x5452ffe273ae722ae5e8768a0be2eb06fd970184,2
0x5458cc94a6bce215d3beb17fe15e3fbd7709c1a3,1
0x54919c903a6298ed7782e1c67673f24771e59c31,1
0x5491c138fccaafb8f2932f7bdc1e25817ca57648,1
0x5505430bbd6547a3d183131f3c11ce3807de7834,2
0x5550075710d4da6e190b6982894a8fdd3d8fc766,1
0x557423338cfddf00195b2e3c366139977dcae7e6,1
0x5579920576e1c1b9d9b4cae3b04b372e2e69381d,1
0x55df0d6c9ba84f0479a5eaed6ae101bb1db99241,1
0x55eeee5f33036885c336a78564522e89b69c26dc,1
0x563466dec7f74bcbe97cd3bed1cbad3336c989ee,2
0x56655823d63dbbfeb9f3d3149bcc82fbb4c9c5c2,1
0x5697da667480806481e709d0b741492318e9686a,1
0x56ce23352b726d72ba253b94fe0d4d631c84c66e,1
0x576422509805333729a39c3f0d4d1db264dd6e84,1
0x57816036694505048d534c616a7b9a015c366ace,1
0x57ae114db423e6ba21acb2355c04b694f4b27b4d,1
0x57cc498597a3e6956b568b0f22844aa6336e3e91,1
0x57d5f10ac41ad539a549bababbbd2e709d72f5a5,1
0x58079005be35c131c7284f4a1e45f65b06b76b65,1
0x580839cee6014402c10f8293e91f305ea6fe8706,1
0x5835f7d5a82f425831f35d74fe8e12b49e1d134b,2
0x588cccc2fb3223a98f7114dee4bcbb73547e2020,1
0x58be32f65ca31e3d0d8993caa02227d57b155c04,2
0x58ee6c8ff2c41c3a091db327f0286f6b73e49942,1
0x594fb7cfb979950a2151970abfdfdcc41ca9868f,1
0x5997c0642c12829a6945288ccfff4dd43d54218a,1
0x59dcb8dc34cbe57c94325e79a26eb9d4b45abbf3,1
0x5a2148bf9d9f6c7e398218d82e1f3b086bd821dc,1
0x5a3d411d6393b72114ceb35a7850b22240c87102,1
0x5af9bfe8af036d180b420a5b58479e709314d775,1
0x5b2553be9846583f4d052fc0e7294b96d70f9e35,1
0x5c10d3c2f73f8fd2215df5bfd63e603af8380c66,2
0x5c29bff1e2f3208e72fc20a51d0c2c9c3c397909,1
0x5c779ddb4dec61f6f400fde360cf143718e245be,2
0x5ca0f638674eb60b1a4f07d9abb502af8ef187fb,1
0x5d9f82a0b2953133687a14808e306f50aeea417c,2
0x5df5fc4aa03c8118f341b1c3f928cfd18cac5a84,2
0x5e21f93e44b60108706cde884819c960663bfcb8,1
0x5e5972fdd92b1b2d5a4f3954da3fb504bf4e1e42,1
0x5e72e6cc4ea2ad8a8aff58ab955543dd7816b7c7,1
0x5e812efe0e67ee92adfd19f27b3d1ef0fd387a8d,1
0x5ea82331808abc1b5fa577b8bb7a116bf2521c82,1
0x5ebee1b9b46d34f547f64d48125fc2c931d8dcff,1
0x5ed97339b95f013535e1255838f5f04be1f9cb7c,1
0x5f0bfcfdc3e383f4978a4ef300102e7e652129ef,1
0x5f33f72e6a238561fce3579aa5b08fd671a289b3,2
0x5f6875fc69cfa196881550f6e2845112d7a1ce16,1
0x5f70b9701844c6c64102af4375342a77870d56df,1
0x5f80cdb23c0f3932249b41b6381616633f32ccd4,1
0x60353d0cbfa94b7b2b489d72f0c8866a5a532184,1
0x603621bf33bcd1f9ba060c6149ce3aae3772d94b,1
0x605917ee6fc2207b6b99a75757e861126b6cfc37,1
0x6067ec3f6d075523e493646f3e25138fe3495dc0,1
0x609239712cb529ef7e4e14ead4c75e6ea239b604,1
0x60e413bc519ccbfcbe55b9717320ca585a98c606,1
0x6128613d398fdfae699defae366be886aefa182f,1
0x617606adeeddfd73a89289007f5c90d087e05858,1
0x622298edc0360ea474365485013930facf4f5f90,1
0x622542ab453c220c606f557d0c9e3ee6b187371e,1
0x6265bfe0d01de7501f02f4f795ffac106cdbad98,1
0x628119f55d7318d9fbbc2218e4271ee0c91419c6,1
0x6361a89506cb12f9769c8404acdd39320a758760,1
0x6367c36ddf73c1d84e28d5d6c7295cc845c5b9d9,1
0x639a297509711cb301037092a1fc2e9c8aa7ec3f,1
0x64135ab16d29d58aacad959ec6583a68bbcad6b5,1
0x643e98e44f74366dda83b65ee4e8f908ecf15da5,1
0x646b810b6ec31f85e9139bcaf529b16c66cf6efb,1
0x6488849f25803551fa3bef50007d4499609b0e07,1
0x64b0e7f9e9d6b1e9a675e57efdd3b26df89ab54a,1
0x64db74b398082fd49315ded6e1a83b7a86dbd684,1
0x64edb3ddaaf374161446c2ece7fc1929b22f751e,1
0x6521aa5c8d1eb299ecd6682da3bb4bd9e36b988a,2
0x65b4094e525df47fb8fffc919bdb1fb6c914cd79,1
0x65c13f07fe757d5608ccc620889a359681e2c9c4,1
0x6662304e3198c8d54530fbdf02a869fa84537639,1
0x67c80f6ccdc51a3cd119dd32f1a19e8b727d8085,1
0x68712564401711cec3336120270d324730f1c2dc,1
0x68ba2ffcfd6a30c4b8d4fb4ff1a2230d02ea6fcb,1
0x68f69dafed2a873581e78c8d02f0b30723254137,1
0x691fcd24f4295f8d092702b0bf77be14209ff20f,2
0x69547c3eafe70af01babf5ca1434a31892fb973e,1
0x69c2884ffbb8b71a8e6ba9e3dad6868d6eb3969c,1
0x69e47a2f70d037b46565e628285eb8001ecf89ab,1
0x6a3a97999497b0f840c3e0d277b55cca21bd8b14,1
0x6a70843127ef87bca3a7c8b45c42fd96ec9df57a,1
0x6ada424a231b429fc394975c43520bec74786587,1
0x6b249155aff884cbf45049ffde827602f482b32f,1
0x6b38218dd861eb57497f77cf36ebb7e1140bdbc8,1
0x6b6733dc647494cf6a7e3ff38cbd01999df20a3a,1
0x6b7c595d3a426afcbd885b23cfdf97de5fce6f0a,1
0x6bff50c49735b65a433f6bf67b77fd0e3fbd8dec,1
0x6cb5c8ded35deb8b046a92600af218274455e015,2
0x6cecd3e7e7cbf933af9d3bc23bb250349955074d,1
0x6d5fe666987f5780db5fb684acef6a0da1a31c1d,1
0x6d73365e5de88dc5f6d00f5ff31df7518ae1d01b,1
0x6da47441d8e9ef5d0a56a2ab2b70e4bb22a89c4f,1
0x6da5b42d855e9d084b469ac8604eba813c743b44,1
0x6def68064172cae2b740f4a7ef165cd7d4a88de9,1
0x6dfac9fd1f0665db33d758d4ee577d4991eb9538,1
0x6e39484ad5d3f0e7dec93598fb9b9c1747e7c40f,1
0x6e6a04ee325470bd4c6af8114c74b5cfafe1ef05,2
0x6e7eda25b19d805c21dcd53a04494d0b5a19d181,1
0x6eb8544b4cc665d46a769a75928bf5cb8618ad00,1
0x6f679511ae1d42bd4de72f4270024ecc0b5fb5c5,1
0x6f6eb75d4542707d39befac4bf886610ffb6d29c,1
0x6f98bf773a0eeeb6c0af3734b03e78985ea91e9c,1
0x7003e65b0c54383da05a770322c581dca8f21bab,1
0x70337d091e849de9704aed8fe2f600f201189692,1
0x70471ce2096dbcc2b6aa79d3f3851f0f5213fcd4,1
0x70578c33f2fa98cff5692d355f3acd4798b8940b,1
0x705ce1a049877a1ab0e958b030c37b0a14c92a8e,2
0x706dd0d5ded69836551e12be19dae4e5e30e4d08,1
0x7149ea6f9b83bbf54e04217e016c4315a4d97538,2
0x716c3eb9d7972d8549fd10f593f1a1b18aa8821c,1
0x71a04cff46a81782f59a7474608b168e8bb0e07b,1
0x71a896e14256ee20c2dea4d03aa1ec6ee7df1c4d,1
0x71c24b3ebf046784f0d012f82f3054dcd3057f82,1
0x7207be87b6104e3c0b4d4d3e6e7de45927e2acc4,2
0x72354f72be36fa1a8674fc585758c46b8f6208e8,1
0x723714f3d9eab9d00e9045a2640f90b8a6250478,2
0x7254a2b4cd4913677fecc6191b0f0fed98711a97,1
0x72574d37ad072e74382d8732ce2343b799c6d770,1
0x72816fd7e7c511c9dd1cb773d49c9bbfdf7b69a1,2
0x734a4b3a6ac24ccba8074826da929066dd08933a,1
0x737507fa49575b9d363e5b3d183cc529b6d3cdf7,1
0x739b977544123a3d244903adfcf0cfb1302af86b,1
0x73b6045aab016c06bd064424face54bc7cc3b583,1
0x744ba280547dc1f79e219874349a0fc859736b67,1
0x747811193cd339582929344c74e315339db57446,1
0x74a4cd60bacc351fb2dda1e5bd5045eb1a16222f,1
0x74ecc4d9fe1d95f9759a24b24a48844768bcbe97,1
0x753b0afd6d51c5cd75c087f85cff8807fd9c1c7d,1
0x7555f589971bb512044e9a21ec144e46e4e49d34,1
0x75a7706c8ee7799152f82b249f53f57224cbc010,2
0x760e9af48aadd2a79da1ab39d5081f3e62b15445,1
0x7667685ef3b87b8201a40d489046f200192e9c39,1
0x766f7f019603f879cbc3a8aa72b8b6ecb9e2d8a2,1
0x768f1621f176b2010647be124f1f252ca849d6a7,1
0x76a1f2decfdc29b1a79e5b2615fa1504355600b3,1
0x76b3e2bb97b97a0bdf9af40322c6c5ead2a9cee8,1
0x76d08de64307b71bcd9503dd8b622ef1392e822a,1
0x76e73a0748661afa398ebc69331cd880b9625543,1
0x7844925b5694b25430eb5816d5c74a627a7dccaa,1
0x7863c33b26cb3ed7adbdff0d723568929c54d857,1
0x7874f87b59b22893afe0a640c757168a8ea5edbc,1
0x789a4cd66079c891f4267c3d111d788f55ee1a69,1
0x789cb5e1b157608d3c4d364acbd05c774079a051,1
0x78eaa637ee94582683fa91a530fd688287c87b14,1
0x7906d324657131a01fc75ef3e018a265f0f17553,1
0x7962dbf8944ca95fe7c75b9022e3ab2c58d0ab65,1
0x796c234260ba6130ce64ab523365e9c92d232a50,1
0x799c3f6c741f93775cb17f0f8bd5185d6800f0ed,1
0x7a1e15388929a1e2f49b01efff032658101c2516,1
0x7ae485e9d71ed2e2a744f8302ab1a75898f795bd,1
0x7ae5d300f6d7e3dea8cd0a2ad51ab76804d4263a,1
0x7b25959a43e93c7fd31050e763ea7487b8eb5c47,1
0x7c667a6314fc5fbdae80351ec733ec8889b9600c,1
0x7c6ef3135c47069342a0049cf959157cab769a0c,1
0x7cb3b2780e982b06e7cc7be695402f6d1406267d,1
0x7d0204bff0998f6dbd5de3906629a26f11c93efc,2
0x7d092b32feb056a3ab4af23ef4f34f7838705471,1
0x7d20ccdf7771064625f004e8cba2528dcd54595c,1
0x7d540486599490a8cc33a50ed7597cf84586fc13,1
0x7daca2510839398b0a8a89f981720623edfa1455,1
0x7dbc229909d6f6683b21d8d42c586761b6af09f0,1
0x7dffe9cd15a5524a79ed9bbacecd17f06269de76,1
0x7e4724c60718a9f87ce51bcf8812bf90d0b7b9db,2
0x7eb8247ffd7ea8ad1985ff0a65f96a903dddf0aa,1
0x7f02f1d3af214430de50c2a37f06b36c4b07eb5f,1
0x7f139d22f5e7c5f7ce80fe5ec9b37622211d5b77,1
0x7f541bb06e365b5ffb9280ceed1ec57caf7c25e3,1
0x800bdebfa9aeaf1b367169e0f389449a15f7c884,1
0x80778d90bda71467fe8c2712489f3166de998931,1
0x8083df773af165d840c5918ab7eaf0a1b2d8f8e2,1
0x811a69702d471f69647da144af24de3af0276453,1
0x812b9c3ea2c49bec95d0bcda4db39513baaee261,2
0x816e29648f7a26fa22b6d6ab39bd354251d55115,1
0x81a22abd04c422e3831f4a62d20bf88b0b951149,1
0x81c4a8cbf7de39a0348b3e3ce4d64b127a0d0f2d,1
0x81ca5f5a18ef29de98fb054a082cd86b3dbafed0,1
0x8274fc4164df7ddc72e5d6c8234d1165aa8815b7,1
0x829f7590423b604de57b962ae99bc296b4d68fa6,2
0x833d2f01cf9d54bf50f3d8c835e43d081c0b46cf,2
0x837d31b2e33c03d7127a0b50a439dbd7d09ee950,1
0x83882b6df08347461482ae05dde36296fc55f54d,2
0x843d1cd9747a5d5233ca7779ae922ec3dcc6ecf3,1
0x847c61ad02cfa4d0478cdb834bab0063de4be33a,2
0x84944e7a244053c0e4abc5bf9cac5cdf24e71233,1
0x84a737a9daebb755120faeebd05d4941f010dbe6,1
0x85202b7bbbe224e56fdc375bde41d38f77ab794b,1
0x853aad76b0c7354dcfd33f68e9f69e85f7df5e70,1
0x860bb5c141dfffd8824a67a7c78584a46c771bb5,1
0x8617a5c4ebe344fe939bce6efd1e2084b48c2daa,1
0x862c7355d82ca11ad82dff0f5bff01288b25737b,1
0x873a0d16c4d93c42625797a2e67d99fb768ea0fc,2
0x876f71de9ef5954d97fbc1cd85cddc4cf3d06dd6,1
0x87c6889a6eefd7189dae5766b3ee37c372a904e5,2
0x8823cd4347506c975315d7a1b9ff739a9eab3643,1
0x887f1aa7625f88a27b97e83c19946114217f180f,1
0x88df8c0601115b177ff12e888bb978bfc93ec7b7,1
0x88fe291682d50c82589ab4be35e1cf62b865d134,2
0x8924eb6ba89d6a99f1a4f4666f0e8b4675b2f9ca,1
0x8a6a16c40e25cc19a1daee8361c392f0e03102bd,1
0x8a71ed09767d075dcb2d4fa2c56b3692ce27f4a5,1
0x8a768ec64d4cb53c4f53c228b0dbe17ae909a5af,1
0x8a99dd27fec8d6a6a9e21ddb8a4bee3a53fa9648,1
0x8ad74827a355e54d410ff550c6abdfe45d2d07e2,1
0x8b023ea605db5c607792552d09805772121d9e2e,1
0x8b6b46a96a741f4b6f1010768cd1a4a9d4027f1e,1
0x8bf53b502d89c1f9ac319b6d0aeff11294854232,1
0x8c387cfd2f941fefcb546a01cdc93ddb6e65790a,1
0x8cbd671a376aef45b3ede7ea4a8c22a295a3c617,1
0x8cf41abffa567c33e10c6eebb76741ad6c3cf6d3,1
0x8cf470d735c86d20b3ebf9633658c994c21a93db,1
0x8d1c9e28839b7fab11981bf2e9a5f4f0d0080662,1
0x8d519e8e802fe03788a3dfeea49dac528dca280e,1
0x8d8281fadf127db8f9a7d4eb80d42bc07b005f52,1
0x8dcc47a2f73424d5a4de91fb7353b9983baf6f86,1
0x8e750ed6195a27e9d66f676c284822f929c3a120,1
0x8e841614ee25e94e032f6a1a321087f29756c82e,1
0x8eaa82f8a6fed571a540742fadb1d48bcaaed8a9,1
0x8edca4cd0a90124d393e49e94199374c8434632c,1
0x8f09eef679904f64752523f95db664039df278e2,1
0x8f15030d989bdac583ed6ecedbe1111e088169ba,2
0x8f27df96f48dccae8dfd487427f94089c26d262c,2
0x8f433715afa790ee2b35986de88da9aafdd0d2e3,1
0x902200b30df357808263e2fcbfe36b2af3ff7ad1,1
0x914aa3a5155107124df50ec38ee532a2e7798d79,1
0x9188cac81692fa4338b4061cc30e70ef2babda25,1
0x91e1b086688d83315222406be2825754be28c839,1
0x9227edcb7cecb2fde59e428b6581e514cb933574,2
0x9258c181088fe06ef1a92810082bfaaa2dfdb229,1
0x9270b9e23c692ba4e3a2ab8782a6cda23e17a367,1
0x930d06a294ae8122781c9ff4d38ace567d914f44,2
0x9335c395bce339821968419b701bf8c9cac38986,1
0x9343a234a34bed3ff2df786c6270a7ae3f200adb,2
0x938ebb39fc86caffecaf73a3374f1e300306ce69,1
0x93d4f7b7e7d6caf198a3b1c611266b40ff02551b,1
0x94bbdd986ad902bc3947c55e2fa38643e790cd39,1
0x94c5331f76dd172dfb04db63a684c6084fc54c2c,2
0x94f88a1cfe72ac849deccfa14394bcab8c214a0d,1
0x9693a8dccc4a36c946a5e7f92ae79214447f9bf2,1
0x96b35b69869fa81a33a6ba6728e41d8ff9411352,1
0x96c051b35bdb8e2c25fc3ff2cdb7705532fa7f5e,1
0x975d368a9a2bc2028eec2b08e8f6456389288aba,1
0x97b3297a75a416acae613e8521bac7f6a2024df2,1
0x97fd56348ea150304bcf019eb48568dc693a0b3f,1
0x98664c928debfb30ea107ea0fdba71c826ff532f,1
0x98bf33dc99330506c0e822b55cbfd03dfb535b3d,1
0x98e46bf422eb3298b4c21d77147b7590ca344fde,2
0x98ef6ecb814dd513709c27d6337d1430c979bbe9,2
0x9982fa4dc8815252bbb5aef436cf3c1e58e75c78,2
0x999ab013cbd840830d96760aece85e1ea13f746a,1
0x99bbcdb6cefc068f13cec34f9e0b70565843f68e,2
0x99dd6df1ce2eaf05926b3d6b7441626b3dac9f36,1
0x9a306e3b707151b7351be77a9da00c3878751015,1
0x9a34e98eff7f1b781c42ff496e1e5419bd9f60b6,2
0x9a368619d82b2274b3b8bc1a80247638a8fd13e6,1
0x9aa1be70015f1cedb5187780987a21a15783e751,1
0x9ac081a2d0d4feeb393b2b5f13749ce86a488d3f,1
0x9b4371a8793b54d1d660ddda5b25fbb10153c11c,1
0x9b887c8b035779c188f0127ede7b07e1bebcb604,1
0x9b8df4aa98e34334dff04b4ef944813a4443d132,2
0x9bdd5e38611c91fd4852382386b4d11d92604fca,1
0x9c484d668d0fda9d772630fae58148b2bae341d1,2
0x9c8ca980a6cde4740f453f3df9fb06ab2c408de4,1
0x9cd5b3763faa6112b266706cfdaad5d2abfe85b4,1
0x9ce589232d9817c9b2c486683bacb78c071713b3,1
0x9cf1ed53aa4410847f8350525c104150f391b95d,1
0x9d33810a2f90feb2af3ba8020316d4ec56b96afd,2
0x9d726ca347e4245b2e837f3324532b02c689eb6f,1
0x9d7d7d550c15195c1c11bd4de584d22e370c46ce,1
0x9e2d924632b7211064db484473b3348ac099a9e5,1
0x9e54b39c0f857fe71495cc1068d71b0d83f58b1b,1
0x9e57331dcbebac9b5660c5debf2412a520100b6c,1
0x9ea26fe33ede00cdc540a784d9a0e629faa46750,1
0x9f205f406d3b9984a84a06b307d6f1984843880b,1
0x9f320774f862b7903d1921711c2b3ddcf499506b,1
0x9f7f9f88d3d2cfb8ba90695aba4e5b6a57242e30,2
0x9fe2b63b99491705b7877c332dd825ab2a0dc1a1,1
0xa107b1c0c81165dbe8cf113d0b82e66800f7469d,1
0xa1882d24cd9d8cc239af53c6140a0581e27779b5,1
0xa1c5903ceab60b630507b989298f05ef118daf97,1
0xa2195b0dd8465fd8053032d645ef56ef3ba91344,1
0xa2435a3ef268ab3cc15000c7b70f7e8cbd23a3a4,1
0xa2999f2125ffe899952f41ae239cc5412d434f22,1
0xa2d70e6721036350abcf86955d689da91df93774,1
0xa2e2211e44f7b57929b93475cb1128d6d8e56cef,1
0xa30b916d64aac23884ea2649de4306197e6744fc,1
0xa320d003cd6babea5fd3aa0af3759da96d1765dd,1
0xa374441737fafa6441fc5cb0b7474f1fc6308d41,1
0xa3abf635756a9aecdac12871117cb511ada8fc44,1
0xa3ff1410c3b39506e5f87c082907da105d299b3d,1
0xa44ceea014cc7b8088e82027018688a447b0b023,1
0xa460f8327105b374f6cd7bea6a91c38b4463b5ad,1
0xa465252ed894ce012d07699b115eaa407dd81d40,1
0xa4ef024463eea4a3c1d0ea8112e0401c212eb406,2
0xa512fa0d75453be8e163198997b20cb06aa07ed6,1
0xa5bd7a7912af6187e0ddcd311f38ca5c1c7f30cc,1
0xa61579a8939e29c8ffb4a41f128ce87cc926a743,1
0xa62d5c31ee5bc58940593b896244b65635e7f89c,1
0xa664e2f07fad5396404ad9b3a5339a83987db152,1
0xa66ba59fc08abc5751aa496b83fc0c52c1883c0d,1
0xa698fa92694d125b65ff6c92af384c845458af51,1
0xa6edb23dbf4c2dd2c83e8f638268724070eb28bb,1
0xa7020e4994f02fbc02bfbbe407e5978c02dd2e27,1
0xa750f27c38ac0a405e60c50da35fbc2a31dbc22f,1
0xa75fe9769fa4144ca9bed0fe944b5f8f8b6ff226,1
0xa787982969073d3b4fa4120b7d9c505fab3517d4,2
0xa7d637c772c9a5c3a488cfeb309c02f3ff8d9eb0,1
0xa7ed9373af276c8530270271f867fe1d029ad336,2
0xa84514b8ce6bfdeb9b9b702b25cad64e81103e3b,1
0xa8e669ed006112abd053d77a87d9bd0ec1432c37,1
0xa927399685c88c8cdee68d158e71ca55689b1d86,1
0xa93cc2f630a0b21615fb8b6336b22e8f84c50971,1
0xaa91a7b548d73ef43bfe945635662ade968a61fe,1
0xaa936ea829891baf58282ef15bcdf75ca5b94b5c,1
0xaaa2ae2bc658f0bed61a58e84009779fe8ffd82b,1
0xaaa3279256141cb3a9c0efe27176ceda577f85bb,1
0xaab073e6a0176c23b13a6c042bcec238e674868f,1
0xaadb660c04cc10da801af9d2ac77fbff4c4f2fbd,1
0xaaff6767e4e4a660ba42519e9870fbd8a12d10e3,1
0xab08c88f67bcfc55e9c5bebad97c8900a996b6c9,2
0xab17c3b086adc106ca4d480798e4a3083925f2cf,2
0xab32193b10445fe8aa9d924f22d7638f38814380,1
0xab4a9c22a5975ee665dbf1b0a3cad7062ec51c29,1
0xab7ec35f37e5f4cf5c0652123786582981086f0b,1
0xabaf5a0a1ac26b273fde7735019679dfa1487e28,1
0xabafcd16fc0705ed62b3c7219c86ad2874562ca4,1
0xac3376d06ee500dba987a5b1b8b4e18a6bd95749,1
0xac6f1990a8e1f7fe1de78229da777f9b7711194d,2
0xac83c5f0f7a00b745773f17dd159536830611e86,1
0xad82c1e54782c5d288416c138fb5a09aeb438c78,1
0xadcbe6f30131e112827dde757a80f471bc696366,1
0xaddcc45115862686a530944acd99b5a549aebb6d,1
0xae1f96dd60614861cfa2858c299092be227cc9dd,1
0xaead6318150163a7acab8b755d7feb11dcd4ae49,1
0xaef00b6eab87d59a25e42a776d4668036150f627,1
0xaf3b471fbc541f3a00919b9940d15aa9eac89aa6,1
0xaf82aeb2e5c68de13dcc6ea8953285d55d443ae4,1
0xaf8e57f6fe882fb78a2df2f520fd80e0b7368148,1
0xafc22a9564524edefb6172f470b77e03a40bc154,1
0xb09721131d554a2316ed3a7630be283a86e97000,1
0xb0adbbb6f050964bc74c8e1db8367e59979fd753,1
0xb0d949bff07b7b2ec63fee137709730b7b8711d0,1
0xb17d19aea0da8aad29539cb8a629329d9a8859f9,1
0xb1ca01b00fe0d352e1e2a845bc3c45923d002e06,1
0xb290c02e6e4ba2603a2f765f229878b3c99b32db,1
0xb29838a5600eff5efd0eb1f3f32ad58937874cb1,1
0xb2a097982f48f331c6c8b67860f3496d58c07840,1
0xb3350c168cc9b62bd099c1732830b6bc09bf3343,1
0xb359abefd6b0c410fd0d387436058433851a41db,1
0xb39842801a5d10c62eccbafb94311a1400904f6c,1
0xb3c4258f4fd1c826dd933b3ffb6d0b30380001a1,1
0xb40969f60bfa246a09593099dace2ddd543254a3,1
0xb40e54835058d445754b1bb384729c3e5f67db8e,1
0xb413d8d9880825c847853353beb4185e1581c859,2
0xb44cc05cc6397aa9c5f9bda5b9a67b2537981f34,1
0xb462d508f5a758138df1ca162796ea4726c8bec7,1
0xb4e4321378fc1fa6619c1a74ccffa2dbacd49d4a,1
0xb5015df498780992f36c47ef7edf1521fc21c1ff,1
0xb54d91a40a26d4e5af405e723d071f95f3af155a,1
0xb558c1924ab6450d585aea7ced5fd18410e92710,1
0xb572c956cf39dbd525360a25f3237450dc594aa5,2
0xb59dee0d3c9deab7d218d08870c6877d66501c00,1
0xb7f95c5c232ac58f491c6de0a6074e6f270cb1f2,1
0xb812742bef96d28a3394a5662562c5f9a89df999,1
0xb8823f6d8afa8ff6680ff8b45384e0d204173475,1
0xb88bfd3674f99fcb50197a29d204251144c4262c,1
0xb91677dfb7f9ba9e7ba9fca72dc7a06c49d2ca9b,1
0xb92d273980ba118f81f037f8dea66ddf6e60d298,1
0xb950969a8b99bdbc036f9e02ac026ce1f3a018b3,1
0xb9711e92f22d2fa903a4c34e79c9576769d85c50,1
0xb97a7b55a434d5816e39f298aa11a4a0c0cc8c7f,1
0xb9a550109e5e6d988293e399fddfc216ceb051b2,1
0xb9c89a8007478946e893212e41d73fb12ce1a400,1
0xba062193f17a32d889d0c77c0b1b057193cb318f,1
0xba14bcdcaae5c467b649a7aa5da82de0f825ca13,1
0xba386608266eec345b2a25877fe2c500a470dd75,1
0xba8ed65c3d9d5383c208b3cf1d61caf3273cb4ab,1
0xbaa2ae57870653ed5370539dddfee60f82736eed,1
0xbaf77b5caa722b6e3424c06e1a6cbe73438b504b,1
0xbbcaff209f0d3ceb7be8f3edac29100c03a0b59b,1
0xbc751b82e69e2d84aa4bf119a2fb2bbae03569e7,1
0xbcc2eac3827a3134b0fd6eb84358a2e5755f7113,1
0xbd133b748a7d771058b3a8cba689d3ffb51e0085,1
0xbd95c76f878eeaec89ca50aa9836c653696f927d,1
0xbe0c3b42ae1fd138170f93d8ec1b5a145df2505d,1
0xbe46d37dcac0e9836045e6ad5a14604ed27a681f,1
0xbe54eb54fcb1d45bf3fcf55f71a4063886b876aa,1
0xbfa5cc9e2d0d4b945d90cd82819e7c02acffeba9,1
0xbfaa04831fa88c095c0cd5dd6257ba411636e6db,2
0xc007e0745c2fe0fe656e11ead17a6f9b2843b47a,1
0xc0a6a609d535d32283b17d0bd0686882a6fe76d3,1
0xc0df2ef4de2746852cd392b418dd14655db8697e,1
0xc0f2ffe7cf8f48d4f32b7b2794390b63a4b48cf1,1
0xc1672ff2720a70509c8b9a9bb6524fbdc111b9e1,1
0xc1bf9b752345713ad2595ee56287cb6000f05c3b,1
0xc316dea55a43864dfe38b6db6059a5311106a835,1
0xc34be675346bd78f872b0e5b95d3cc39f743ccb9,1
0xc376bc1cd4f54dddb70edeb81088eb256ef4dc0c,1
0xc4cecfa518c6b8261a94e2c2edfab8192840133c,1
0xc5a93e0d1d87292886a70784e4b54f1869c1db92,1
0xc5f51b283a67510d41206563ba0b53e09dd14ddb,1
0xc6349c6d9eb85a3725948b96ad6663a2eed4b520,1
0xc7004ccae11825af7b03c7f20914ebe374b80de5,1
0xc728fb57c9bd985462e96e74fa5d453e90162f8f,1
0xc7499fecac9528fc30d5a32a5433cf8cb4d12e63,1
0xc74c61aa92b85e921b895ec9f35a75f3c236844a,1
0xc77d51846023381cc8b103186d4a40d640cd6629,2
0xc7ca5f9f43685e6068a80e620775c1b58518a14e,1
0xc7fd33cc0e1bbe8fb13d7692db0dad74d298d5b3,2
0xc8d7d02e00729fa7ca40ee72384c0238e74b5a73,1
0xc908151c4db7522a7135105d05ed809495d60b9d,2
0xc945cf24b16b514a69719e61175493efb70120c6,2
0xc95d5a6d7a25dda3b594f0465b27562848d2fda3,1
0xc9732ff355c5322f33b39d2bcbfbd8d653289a58,1
0xc97a630aca7390456e69472e8bb1b9598c8e5d4f,2
0xca3ccdb7d96767f17c2168f5958693b49eaaf321,1
0xcaafd20f0b86cfe7cced1464cc1c4f73eeb7975c,1
0xcb2cf75a094d82f1eaaec1f17e1774ef1ba3684c,2
0xcbcba8ee2c5a1f3626ba9f1db6e76937f76f6c3e,1
0xcbf265f41686b2f4d72e2d54d19f895773087489,1
0xcbf6fabc3c539d3f0b03d7f4af14bbbb182a1519,2
0xcca0ec814b5404daf273bd8e126560a3fe484510,1
0xccc99183179372db6351108f6b2560b42a776599,2
0xcce3e5b87a2d64e67d4c6ad3b3716c806b601dc3,1
0xcd13b52e6f5e8ffb662bbd4a5fa8b27b0c287704,1
0xce2dd5036a37d63d8523ea5f98f79e41bc198e7d,1
0xce95f93bf38d23dc0a1dd8ae88d2c6c26007ea2e,1
0xce9ec798482f4c8bb437c35782037ae1f522df8a,1
0xcf713009937ba30ace35c7c7f10ec1082320873a,1
0xcf93a3a6fc79ef745683257adbd3263955f4beb8,1
0xcfd31c75655fd160d43acadd6e4cbec5a31c9ef4,1
0xd03400b58d40b263d4bf85de19c36cf8918f8af1,1
0xd08d6d22f8c41dcf778f12e072c334f5cd810917,1
0xd0eac96b9375a84c12b4939dfe45911b2889a311,1
0xd0efa30f1e42ff9def72955bbbcef42f8534f841,1
0xd13f3deba5a6571622e3e9b7b43b338b632429c7,1
0xd16ba26aaf81be49606c234f69c7362fd78ed4f5,1
0xd1f99b45a52ab3e388c349b96fb5bf8e52096646,1
0xd21d3dfad36d998b992b332a61b7d87881600ef6,1
0xd364a42f4eb50fa85ae689f320d0d11324b72323,1
0xd4ba8a99dff4f0f9b3fa0109469c500bc21c58ed,2
0xd4c72bbc9bc13ae44259732f402638f9c5f01b80,1
0xd4fd5f05c06d5098b3ac5ee41b58ba6899b5b64b,1
0xd51381206bc76bd0928f6eeaad8477a8c569d93a,1
0xd533ced6e91b0132091545672dadb74ae5bebfb0,1
0xd598e0ccbbc94714422d544f1caf162234c296ba,1
0xd5d739108b5c3af0519ce667359dd41f7cf7fe23,2
0xd5ff53f48f14e9409b581e41a4cddfe0e97dc724,1
0xd61ac6b0d0f3953e4cdb81d157afc98cea9169df,1
0xd63d546860e52cff7f9162471f4d2dcab39f7693,1
0xd6593b09814db072cb63223230ee661a47cf5dca,1
0xd66b2e7baa5a4f0041d9f740eebe6a8f7d15c90c,2
0xd695113c69417040761be502280a3a2d159a488e,1
0xd6cfb52041c3da4d029708bd25bd487b015a56c8,1
0xd72d910319211d36bc2f8a33215a6cb244857b5a,2
0xd739d95c451ef2c2b362949f712d9185da3d00f4,1
0xd744f9aca399dd3a4eb9b6c5acf7dc02841e5595,1
0xd7aa577a37369282876fd1761fe8e37b8d572cff,2
0xd7b91dbf784c38de9ccf09e250ddf4954eaabb29,1
0xd7bc4c776372a293c932e642a363fc5ec703ac89,1
0xd80d19f31ca3270d23d2faf08a407f3300160b25,1
0xd85719d540d884a9233651743763c24459b7000b,1
0xd9066741881482f341714e24a0c16d7083e813d8,1
0xd99765103b5632ab8fef8a2939fdf98f9b243116,1
0xd9ddbb9d2600b48ccbb25c6caaaf9d86cdf6ba3a,1
0xda14e8a24e8356d536c5f1a931a6054582819c9f,2
0xda41291bdad5976226dfeeb8ff08e2144653bcb3,1
0xda504a7d1bb456d68b6b065bcd1446f317a82a31,1
0xdb41ad13b0aa55df1a6b181be52c744d02abc9d1,1
0xdb57975c2e72b66aba043df9f83e1c395723a475,2
0xdb81a34922fbb3eeeebceb12a08627da827f2488,1
0xdbc65077e8ebbb22b49b58caa6b49a6a90c174de,2
0xdbe94bc1caccd6c7f80067c525082a06cf890db9,1
0xdc5e95fe1f9f96048f837d4dc74ecd48085a5cbc,1
0xdc945a8ce61c20ae2a39381b23e5362ba51c1b99,2
0xdcb2431f34410e2c4db463355292884e008a3c92,1
0xdcf782ccb431c57223e94e6244e9c73e4105f3c7,2
0xdcfa0e608bd9db18a931b87ddecce3a3c90c6e6c,1
0xdd365e88876f2f615a7c15b8ddf1066de02f2112,1
0xdd4ac63b554c84993b281409eb93be98c22006c8,1
0xdd5ae8bcba0b170efb54307cb3973e2f96904bb9,1
0xdd8bee0ad68271ff0de68127292747f599c989f5,2
0xdd9906faef5d0540a27742472893ce53c260871c,2
0xddac37fd1e29533a9f39c786e92efbf6a6ad3c45,2
0xddfd5827e04fa96d05742d7785eaff22ad031d95,1
0xde6e3ad1b5d813e4ef87c1ee7e7703a2b1c38589,1
0xdf2433c9a1d7df517b17e2f02aa214b4ee63371b,2
0xdf337e0df1a314aa1999671ae1cac19df7520060,2
0xdfdb0ae6dc1fba29d36406241e3c24bab0e85066,2
0xdfeae8984786e01ce23fac6d4ccd062afde0ece7,1
0xe01e1a029136a268b2b3198507ea8ff0d962d390,1
0xe051ad404d7e0bc2dceae23cff719f1d2736b257,1
0xe185889d284a987773fdc1db2566a68719398599,2
0xe19a65daf096d38f212d4dd6b264ca991348c441,1
0xe2c615d516cc6aea283796002a0ff24ad54070b1,1
0xe30ac8b081498bb0b3aa744c83b81dd25a3b1eab,1
0xe317c793ebc9d4a3732ca66e5a8fc4ffc213b989,1
0xe3378e66abf48564cf0d299e6296e457ae7e7f13,1
0xe366ce55936a2ceabeda43914cb955cf0a05fc52,2
0xe3926acf639062f3894b1c10233d429810ec518f,1
0xe3a173580b639edc5bb23051c582b6454ce7d24a,1
0xe3dc6cdc6aba6e90573ab891b2a241182274ab01,1
0xe4080d92accc95891628cdd200c9a90a2b87ecd8,1
0xe4c6a7d37d3e17e483e358e28aae6c63458fa8e4,1
0xe4c7a7b699d1694b89b0ad9f998304a0a134b3df,1
0xe539b10bc7d8083908090e9d803cd76d6af993bb,2
0xe5c6034ae26948b0283665dea942aa05b024793d,1
0xe7b75eb5b85bc37068ce742caef75a0dbf2f0653,1
0xe85f2719eb2eb2f5461e63a8c37d1e839535d950,1
0xe928535d8d7e3eba235e06e46998a5fe8f42d79f,1
0xe952ee075a05258e8ece2b7d68af0dfb3d8f9eed,1
0xe9e8e849a61339dbd0e731598255b8d864fb0c54,1
0xeaa9540c4bc7984f91135bf71589008cbb919797,2
0xeb67710581a3e8bbb8b00fadb3a44df5008962c3,1
0xeb7ae6d7ec6908f1c312e983c536104db52c48c5,2
0xeb7e2a062d5d2167acd6dcef559289973abd738e,2
0xebd5f6ba778a43972786a2e1569dad7203cd262e,1
0xec57e200dfcd8a21c1b534d135a0c3974d0911ca,1
0xec94299b7e3d31ae396544dc41a2a9ae7acb5edf,1
0xeca345b5c749b8a9299b154fb036020e13394eb7,2
0xecb9473520bd5713de363c0e4649a2a9fccb0986,2
0xed1e2d93b3d875cda86be1e2cc2974f2b4399663,1
0xed32bbedcbd8197def67d0806f1b9ef686e9ceab,1
0xeda76ff67934dcf160aef63fd70404b44c2c9345,1
0xedcd2c7d7d0e7fff07e875593721f575b7374c57,1
0xedefd778489f8b2c78fd559545055c40877887ee,2
0xee55a460c7a1229db7a8e07d1e15a218b209289a,1
0xef2d9917abfca54cd1e730b2cbbf52ea59e4ef3e,1
0xef3568e0ed34a0dc190b3d6ea2b7a1f774665c77,1
0xefe94e852ba8fa8c840e80e2ef285aa10e33bbad,1
0xf0685510eb8923d45f7135b8fed3026dfb5e70a4,1
0xf09a83fed2da2c5d0b128adfac9c2e4020c1fdea,1
0xf0de7e4269a9666b5ac1bdc27595567f712ea42a,2
0xf10671e01e49d0b4337870384c09e473c7b430d5,1
0xf10c0823d48aa5a494ffdacd8ce42c3923193069,1
0xf20c79f4c4e6826cdff179c8976891c284c5f4ab,1
0xf23070be2eded408cd3963f50d93b22d262445cc,1
0xf29b29d2d678aacb7744966886f3ea778cd49066,1
0xf36969da87241249be71e4b45897eda07ce5e0bb,1
0xf4194843077cff86d98132bf32330bd03fc7b8cf,2
0xf423102f93710eccd56b3cb304e595a69af223bb,1
0xf4b8b10999afe08966aa4a1d9a6596fb1697f2be,1
0xf54afe74bc169f44e8a905e724f01b87e95c496d,1
0xf5794dcc3114d1114d37f7dc58857120b138e713,1
0xf6032aa8a755e35136eec80bdecde8511f5935de,2
0xf613a69c1fa2ecd8348b2cc655ddb6563be79ddb,1
0xf662dbf6061b98f097094dea6aabc2eca8a1d5ff,1
0xf6bc9e4dda2e43d1bae3e2048906126619f65e4b,1
0xf6c86b97918cf1d82922b66cf23c0238d5d0db19,1
0xf6da70cf4c7738de92362de0609790604e285c87,1
0xf767d1115558aefdac990746102ac5eac445f68c,1
0xf77580797461c43dc85befbcdac1d88b99838224,1
0xf7a54722c6b70ed8e5592289e3ad4395d5fd5e53,1
0xf7b3bea8bea76eb8368adeb4f0d43f28e78242ec,1
0xf86622941f9249416dacd093d8f37c438c25441d,1
0xf877a233a59203fe598cffb9e581e905490913ea,1
0xf896a96a3113009d91d9442e5431f92ebbdfa9c7,2
0xf9089777abebf25241ea0e13f8b9e316f847cab4,1
0xf9349549b29705de299c995868b2369288549e3c,2
0xf9588169d254599b084da064910c4f094c6657ef,1
0xf96a155b61264152984d4c46a240cb55c7372a18,1
0xf9ae7e22707be798383fcb847f2030e681df8373,1
0xf9bf85e701c5d4cc34f30f2fa0df7e708bbbefb4,1
0xf9fa4127173f55a345f9cd14f696457692cd19f9,1
0xfa0f72403e5cc092af8056b4ffa935714511761d,1
0xfa2fe9d91d5e507e88a2b6c67599c97e1b56cc7e,1
0xfa6e7fc2a0ad51513b8b7f9a18de1c1b741d2021,1
0xfa7b233f62df7d83eb4450c69625aab24b295d2a,1
0xfa9d081e7be0f9a952d78afb317d74601f39f869,1
0xfb3fa9cf7c5a05fad7dfc2c54dabb1d086147d5b,1
0xfbc8fcd194eff489422e26366a403cab212aa682,1
0xfbffba9191e5e8612db4f0ae4976a2f87ed3610a,2
0xfc485c051d4a1f02ef2379910e7d45b81a207ada,1
0xfc4fab6003d5e2991b4eb69c3304d9dcf8c66380,1
0xfc8a11ea18b879e739762026c2ac201bd84afab9,2
0xfd1d8cf82baf593c452e309a5dfd5429f23aac05,2
0xfd71231d928c82acaff0a1e2dcf3adbe3e2fdd25,1
0xfd9b9400b42cd0ca43f2f0632a982dc5c258b6f5,1
0xfdf8b999fcc68de95b7c874202159711dcfd23ea,1
0xfe95ab154a2702e28d9a1bd0b909032921fa1f75,1
0xfeb04e49b5c33b146251152cac974986515c94ae,2
0xff356b00ab8bd5e080848232282855e7a765f7fa,1
0xff5037cbc86742d17acbd232004547cb0d233e08,1
0xffa6366a92725c85f9a6c8c979643a83f9e2182e,1
0xfff63ae396c2d607d7064e14aa18a85bf42e1684,1
